window_size,rows
10,5432
11,5431
12,5430
13,5429
14,5428
15,5427
16,5426
17,5425
18,5424
19,5423
20,5422
21,5421
22,5420
23,5419
24,5418
25,5417
26,5416
27,5415
28,5414
29,5413
30,5412
31,5411
32,5410
33,5409
34,5408
35,5407
36,5406
37,5405
38,5404
39,5403
40,5402
41,5401
42,5400
43,5399
44,5398
45,5397
46,5396
47,5395
48,5394
49,5393
50,5392
51,5391
52,5390
53,5389
54,5388
55,5387
56,5386
57,5385
58,5384
59,5383
60,5382
61,5381
62,5380
63,5379
64,5378
65,5377
66,5376
67,5375
68,5374
69,5373
70,5372
71,5371
72,5370
73,5369
74,5368
75,5367
76,5366
77,5365
78,5364
79,5363
80,5362
81,5361
82,5360
83,5359
84,5358
85,5357
86,5356
87,5355
88,5354
89,5353
90,5352
91,5351
92,5350
93,5349
94,5348
95,5347
96,5346
97,5345
98,5344
99,5343
100,5342
101,5341
102,5340
103,5339
104,5338
105,5337
106,5336
107,5335
108,5334
109,5333
110,5332
111,5331
112,5330
113,5329
114,5328
115,5327
116,5326
117,5325
118,5324
119,5323
120,5322
121,5321
122,5320
123,5319
124,5318
125,5317
126,5316
127,5315
128,5314
129,5313
130,5312
131,5311
132,5310
133,5309
134,5308
135,5307
136,5306
137,5305
138,5304
139,5303
140,5302
141,5301
142,5300
143,5299
144,5298
145,5297
146,5296
147,5295
148,5294
149,5293
150,5292
151,5291
152,5290
153,5289
154,5288
155,5287
156,5286
157,5285
158,5284
159,5283
160,5282
161,5281
162,5280
163,5279
164,5278
165,5277
166,5276
167,5275
168,5274
169,5273
170,5272
171,5271
172,5270
173,5269
174,5268
175,5267
176,5266
177,5265
178,5264
179,5263
180,5262
181,5261
182,5260
183,5259
184,5258
185,5257
186,5256
187,5255
188,5254
189,5253
190,5252
191,5251
192,5250
193,5249
194,5248
195,5247
196,5246
197,5245
198,5244
199,5243
200,5242
201,5241
202,5240
203,5239
204,5238
205,5237
206,5236
207,5235
208,5234
209,5233
210,5232
211,5231
212,5230
213,5229
214,5228
215,5227
216,5226
217,5225
218,5224
219,5223
220,5222
221,5221
222,5220
223,5219
224,5218
225,5217
226,5216
227,5215
228,5214
229,5213
230,5212
231,5211
232,5210
233,5209
234,5208
235,5207
236,5206
237,5205
238,5204
239,5203
240,5202
241,5201
242,5200
243,5199
244,5198
245,5197
246,5196
247,5195
248,5194
249,5193
250,5192
251,5191
252,5190
253,5189
254,5188
255,5187
256,5186
257,5185
258,5184
259,5183
260,5182
261,5181
262,5180
263,5179
264,5178
265,5177
266,5176
267,5175
268,5174
269,5173
270,5172
271,5171
272,5170
273,5169
274,5168
275,5167
276,5166
277,5165
278,5164
279,5163
280,5162
281,5161
282,5160
283,5159
284,5158
285,5157
286,5156
287,5155
288,5154
289,5153
290,5152
291,5151
292,5150
293,5149
294,5148
295,5147
296,5146
297,5145
298,5144
299,5143
300,5142
301,5141
302,5140
303,5139
304,5138
305,5137
306,5136
307,5135
308,5134
309,5133
310,5132
311,5131
312,5130
313,5129
314,5128
315,5127
316,5126
317,5125
318,5124
319,5123
320,5122
321,5121
322,5120
323,5119
324,5118
325,5117
326,5116
327,5115
328,5114
329,5113
330,5112
331,5111
332,5110
333,5109
334,5108
335,5107
336,5106
337,5105
338,5104
339,5103
340,5102
341,5101
342,5100
343,5099
344,5098
345,5097
346,5096
347,5095
348,5094
349,5093
350,5092
351,5091
352,5090
353,5089
354,5088
355,5087
356,5086
357,5085
358,5084
359,5083
360,5082
361,5081
362,5080
363,5079
364,5078
365,5077
366,5076
367,5075
368,5074
369,5073
370,5072
371,5071
372,5070
373,5069
374,5068
375,5067
376,5066
377,5065
378,5064
379,5063
380,5062
381,5061
382,5060
383,5059
384,5058
385,5057
386,5056
387,5055
388,5054
389,5053
390,5052
391,5051
392,5050
393,5049
394,5048
395,5047
396,5046
397,5045
398,5044
399,5043
400,5042
401,5041
402,5040
403,5039
404,5038
405,5037
406,5036
407,5035
408,5034
409,5033
410,5032
411,5031
412,5030
413,5029
414,5028
415,5027
416,5026
417,5025
418,5024
419,5023
420,5022
421,5021
422,5020
423,5019
424,5018
425,5017
426,5016
427,5015
428,5014
429,5013
430,5012
431,5011
432,5010
433,5009
434,5008
435,5007
436,5006
437,5005
438,5004
439,5003
440,5002
441,5001
442,5000
443,4999
444,4998
445,4997
446,4996
447,4995
448,4994
449,4993
450,4992
451,4991
452,4990
453,4989
454,4988
455,4987
456,4986
457,4985
458,4984
459,4983
460,4982
461,4981
462,4980
463,4979
464,4978
465,4977
466,4976
467,4975
468,4974
469,4973
470,4972
471,4971
472,4970
473,4969
474,4968
475,4967
476,4966
477,4965
478,4964
479,4963
480,4962
481,4961
482,4960
483,4959
484,4958
485,4957
486,4956
487,4955
488,4954
489,4953
490,4952
491,4951
492,4950
493,4949
494,4948
495,4947
496,4946
497,4945
498,4944
499,4943
500,4942
501,4941
502,4940
503,4939
504,4938
505,4937
506,4936
507,4935
508,4934
509,4933
510,4932
511,4931
512,4930
513,4929
514,4928
515,4927
516,4926
517,4925
518,4924
519,4923
520,4922
521,4921
522,4920
523,4919
524,4918
525,4917
526,4916
527,4915
528,4914
529,4913
530,4912
531,4911
532,4910
533,4909
534,4908
535,4907
536,4906
537,4905
538,4904
539,4903
540,4902
541,4901
542,4900
543,4899
544,4898
545,4897
546,4896
547,4895
548,4894
549,4893
550,4892
551,4891
552,4890
553,4889
554,4888
555,4887
556,4886
557,4885
558,4884
559,4883
560,4882
561,4881
562,4880
563,4879
564,4878
565,4877
566,4876
567,4875
568,4874
569,4873
570,4872
571,4871
572,4870
573,4869
574,4868
575,4867
576,4866
577,4865
578,4864
579,4863
580,4862
581,4861
582,4860
583,4859
584,4858
585,4857
586,4856
587,4855
588,4854
589,4853
590,4852
591,4851
592,4850
593,4849
594,4848
595,4847
596,4846
597,4845
598,4844
599,4843
600,4842
601,4841
602,4840
603,4839
604,4838
605,4837
606,4836
607,4835
608,4834
609,4833
610,4832
611,4831
612,4830
613,4829
614,4828
615,4827
616,4826
617,4825
618,4824
619,4823
620,4822
621,4821
622,4820
623,4819
624,4818
625,4817
626,4816
627,4815
628,4814
629,4813
630,4812
631,4811
632,4810
633,4809
634,4808
635,4807
636,4806
637,4805
638,4804
639,4803
640,4802
641,4801
642,4800
643,4799
644,4798
645,4797
646,4796
647,4795
648,4794
649,4793
650,4792
651,4791
652,4790
653,4789
654,4788
655,4787
656,4786
657,4785
658,4784
659,4783
660,4782
661,4781
662,4780
663,4779
664,4778
665,4777
666,4776
667,4775
668,4774
669,4773
670,4772
671,4771
672,4770
673,4769
674,4768
675,4767
676,4766
677,4765
678,4764
679,4763
680,4762
681,4761
682,4760
683,4759
684,4758
685,4757
686,4756
687,4755
688,4754
689,4753
690,4752
691,4751
692,4750
693,4749
694,4748
695,4747
696,4746
697,4745
698,4744
699,4743
700,4742
701,4741
702,4740
703,4739
704,4738
705,4737
706,4736
707,4735
708,4734
709,4733
710,4732
711,4731
712,4730
713,4729
714,4728
715,4727
716,4726
717,4725
718,4724
719,4723
720,4722
721,4721
722,4720
723,4719
724,4718
725,4717
726,4716
727,4715
728,4714
729,4713
730,4712
731,4711
732,4710
733,4709
734,4708
735,4707
736,4706
737,4705
738,4704
739,4703
740,4702
741,4701
742,4700
743,4699
744,4698
745,4697
746,4696
747,4695
748,4694
749,4693
750,4692
751,4691
752,4690
753,4689
754,4688
755,4687
756,4686
757,4685
758,4684
759,4683
760,4682
761,4681
762,4680
763,4679
764,4678
765,4677
766,4676
767,4675
768,4674
769,4673
770,4672
771,4671
772,4670
773,4669
774,4668
775,4667
776,4666
777,4665
778,4664
779,4663
780,4662
781,4661
782,4660
783,4659
784,4658
785,4657
786,4656
787,4655
788,4654
789,4653
790,4652
791,4651
792,4650
793,4649
794,4648
795,4647
796,4646
797,4645
798,4644
799,4643
800,4642
801,4641
802,4640
803,4639
804,4638
805,4637
806,4636
807,4635
808,4634
809,4633
810,4632
811,4631
812,4630
813,4629
814,4628
815,4627
816,4626
817,4625
818,4624
819,4623
820,4622
821,4621
822,4620
823,4619
824,4618
825,4617
826,4616
827,4615
828,4614
829,4613
830,4612
831,4611
832,4610
833,4609
834,4608
835,4607
836,4606
837,4605
838,4604
839,4603
840,4602
841,4601
842,4600
843,4599
844,4598
845,4597
846,4596
847,4595
848,4594
849,4593
850,4592
851,4591
852,4590
853,4589
854,4588
855,4587
856,4586
857,4585
858,4584
859,4583
860,4582
861,4581
862,4580
863,4579
864,4578
865,4577
866,4576
867,4575
868,4574
869,4573
870,4572
871,4571
872,4570
873,4569
874,4568
875,4567
876,4566
877,4565
878,4564
879,4563
880,4562
881,4561
882,4560
883,4559
884,4558
885,4557
886,4556
887,4555
888,4554
889,4553
890,4552
891,4551
892,4550
893,4549
894,4548
895,4547
896,4546
897,4545
898,4544
899,4543
900,4542
901,4541
902,4540
903,4539
904,4538
905,4537
906,4536
907,4535
908,4534
909,4533
910,4532
911,4531
912,4530
913,4529
914,4528
915,4527
916,4526
917,4525
918,4524
919,4523
920,4522
921,4521
922,4520
923,4519
924,4518
925,4517
926,4516
927,4515
928,4514
929,4513
930,4512
931,4511
932,4510
933,4509
934,4508
935,4507
936,4506
937,4505
938,4504
939,4503
940,4502
941,4501
942,4500
943,4499
944,4498
945,4497
946,4496
947,4495
948,4494
949,4493
950,4492
951,4491
952,4490
953,4489
954,4488
955,4487
956,4486
957,4485
958,4484
959,4483
960,4482
961,4481
962,4480
963,4479
964,4478
965,4477
966,4476
967,4475
968,4474
969,4473
970,4472
971,4471
972,4470
973,4469
974,4468
975,4467
976,4466
977,4465
978,4464
979,4463
980,4462
981,4461
982,4460
983,4459
984,4458
985,4457
986,4456
987,4455
988,4454
989,4453
990,4452
991,4451
992,4450
993,4449
994,4448
995,4447
996,4446
997,4445
998,4444
999,4443
1000,4442
1001,4441
1002,4440
1003,4439
1004,4438
1005,4437
1006,4436
1007,4435
1008,4434
1009,4433
1010,4432
1011,4431
1012,4430
1013,4429
1014,4428
1015,4427
1016,4426
1017,4425
1018,4424
1019,4423
1020,4422
1021,4421
1022,4420
1023,4419
1024,4418
1025,4417
1026,4416
1027,4415
1028,4414
1029,4413
1030,4412
1031,4411
1032,4410
1033,4409
1034,4408
1035,4407
1036,4406
1037,4405
1038,4404
1039,4403
1040,4402
1041,4401
1042,4400
1043,4399
1044,4398
1045,4397
1046,4396
1047,4395
1048,4394
1049,4393
1050,4392
1051,4391
1052,4390
1053,4389
1054,4388
1055,4387
1056,4386
1057,4385
1058,4384
1059,4383
1060,4382
1061,4381
1062,4380
1063,4379
1064,4378
1065,4377
1066,4376
1067,4375
1068,4374
1069,4373
1070,4372
1071,4371
1072,4370
1073,4369
1074,4368
1075,4367
1076,4366
1077,4365
1078,4364
1079,4363
1080,4362
1081,4361
1082,4360
1083,4359
1084,4358
1085,4357
1086,4356
1087,4355
1088,4354
1089,4353
1090,4352
1091,4351
1092,4350
1093,4349
1094,4348
1095,4347
1096,4346
1097,4345
1098,4344
1099,4343
1100,4342
1101,4341
1102,4340
1103,4339
1104,4338
1105,4337
1106,4336
1107,4335
1108,4334
1109,4333
1110,4332
1111,4331
1112,4330
1113,4329
1114,4328
1115,4327
1116,4326
1117,4325
1118,4324
1119,4323
1120,4322
1121,4321
1122,4320
1123,4319
1124,4318
1125,4317
1126,4316
1127,4315
1128,4314
1129,4313
1130,4312
1131,4311
1132,4310
1133,4309
1134,4308
1135,4307
1136,4306
1137,4305
1138,4304
1139,4303
1140,4302
1141,4301
1142,4300
1143,4299
1144,4298
1145,4297
1146,4296
1147,4295
1148,4294
1149,4293
1150,4292
1151,4291
1152,4290
1153,4289
1154,4288
1155,4287
1156,4286
1157,4285
1158,4284
1159,4283
1160,4282
1161,4281
1162,4280
1163,4279
1164,4278
1165,4277
1166,4276
1167,4275
1168,4274
1169,4273
1170,4272
1171,4271
1172,4270
1173,4269
1174,4268
1175,4267
1176,4266
1177,4265
1178,4264
1179,4263
1180,4262
1181,4261
1182,4260
1183,4259
1184,4258
1185,4257
1186,4256
1187,4255
1188,4254
1189,4253
1190,4252
1191,4251
1192,4250
1193,4249
1194,4248
1195,4247
1196,4246
1197,4245
1198,4244
1199,4243
1200,4242
1201,4241
1202,4240
1203,4239
1204,4238
1205,4237
1206,4236
1207,4235
1208,4234
1209,4233
1210,4232
1211,4231
1212,4230
1213,4229
1214,4228
1215,4227
1216,4226
1217,4225
1218,4224
1219,4223
1220,4222
1221,4221
1222,4220
1223,4219
1224,4218
1225,4217
1226,4216
1227,4215
1228,4214
1229,4213
1230,4212
1231,4211
1232,4210
1233,4209
1234,4208
1235,4207
1236,4206
1237,4205
1238,4204
1239,4203
1240,4202
1241,4201
1242,4200
1243,4199
1244,4198
1245,4197
1246,4196
1247,4195
1248,4194
1249,4193
1250,4192
1251,4191
1252,4190
1253,4189
1254,4188
1255,4187
1256,4186
1257,4185
1258,4184
1259,4183
1260,4182
1261,4181
1262,4180
1263,4179
1264,4178
1265,4177
1266,4176
1267,4175
1268,4174
1269,4173
1270,4172
1271,4171
1272,4170
1273,4169
1274,4168
1275,4167
1276,4166
1277,4165
1278,4164
1279,4163
1280,4162
1281,4161
1282,4160
1283,4159
1284,4158
1285,4157
1286,4156
1287,4155
1288,4154
1289,4153
1290,4152
1291,4151
1292,4150
1293,4149
1294,4148
1295,4147
1296,4146
1297,4145
1298,4144
1299,4143
1300,4142
1301,4141
1302,4140
1303,4139
1304,4138
1305,4137
1306,4136
1307,4135
1308,4134
1309,4133
1310,4132
1311,4131
1312,4130
1313,4129
1314,4128
1315,4127
1316,4126
1317,4125
1318,4124
1319,4123
1320,4122
1321,4121
1322,4120
1323,4119
1324,4118
1325,4117
1326,4116
1327,4115
1328,4114
1329,4113
1330,4112
1331,4111
1332,4110
1333,4109
1334,4108
1335,4107
1336,4106
1337,4105
1338,4104
1339,4103
1340,4102
1341,4101
1342,4100
1343,4099
1344,4098
1345,4097
1346,4096
1347,4095
1348,4094
1349,4093
1350,4092
1351,4091
1352,4090
1353,4089
1354,4088
1355,4087
1356,4086
1357,4085
1358,4084
1359,4083
1360,4082
1361,4081
1362,4080
1363,4079
1364,4078
1365,4077
1366,4076
1367,4075
1368,4074
1369,4073
1370,4072
1371,4071
1372,4070
1373,4069
1374,4068
1375,4067
1376,4066
1377,4065
1378,4064
1379,4063
1380,4062
1381,4061
1382,4060
1383,4059
1384,4058
1385,4057
1386,4056
1387,4055
1388,4054
1389,4053
1390,4052
1391,4051
1392,4050
1393,4049
1394,4048
1395,4047
1396,4046
1397,4045
1398,4044
1399,4043
1400,4042
1401,4041
1402,4040
1403,4039
1404,4038
1405,4037
1406,4036
1407,4035
1408,4034
1409,4033
1410,4032
1411,4031
1412,4030
1413,4029
1414,4028
1415,4027
1416,4026
1417,4025
1418,4024
1419,4023
1420,4022
1421,4021
1422,4020
1423,4019
1424,4018
1425,4017
1426,4016
1427,4015
1428,4014
1429,4013
1430,4012
1431,4011
1432,4010
1433,4009
1434,4008
1435,4007
1436,4006
1437,4005
1438,4004
1439,4003
1440,4002
1441,4001
1442,4000
1443,3999
1444,3998
1445,3997
1446,3996
1447,3995
1448,3994
1449,3993
1450,3992
1451,3991
1452,3990
1453,3989
1454,3988
1455,3987
1456,3986
1457,3985
1458,3984
1459,3983
1460,3982
1461,3981
1462,3980
1463,3979
1464,3978
1465,3977
1466,3976
1467,3975
1468,3974
1469,3973
1470,3972
1471,3971
1472,3970
1473,3969
1474,3968
1475,3967
1476,3966
1477,3965
1478,3964
1479,3963
1480,3962
1481,3961
1482,3960
1483,3959
1484,3958
1485,3957
1486,3956
1487,3955
1488,3954
1489,3953
1490,3952
1491,3951
1492,3950
1493,3949
1494,3948
1495,3947
1496,3946
1497,3945
1498,3944
1499,3943
1500,3942
1501,3941
1502,3940
1503,3939
1504,3938
1505,3937
1506,3936
1507,3935
1508,3934
1509,3933
1510,3932
1511,3931
1512,3930
1513,3929
1514,3928
1515,3927
1516,3926
1517,3925
1518,3924
1519,3923
1520,3922
1521,3921
1522,3920
1523,3919
1524,3918
1525,3917
1526,3916
1527,3915
1528,3914
1529,3913
1530,3912
1531,3911
1532,3910
1533,3909
1534,3908
1535,3907
1536,3906
1537,3905
1538,3904
1539,3903
1540,3902
1541,3901
1542,3900
1543,3899
1544,3898
1545,3897
1546,3896
1547,3895
1548,3894
1549,3893
1550,3892
1551,3891
1552,3890
1553,3889
1554,3888
1555,3887
1556,3886
1557,3885
1558,3884
1559,3883
1560,3882
1561,3881
1562,3880
1563,3879
1564,3878
1565,3877
1566,3876
1567,3875
1568,3874
1569,3873
1570,3872
1571,3871
1572,3870
1573,3869
1574,3868
1575,3867
1576,3866
1577,3865
1578,3864
1579,3863
1580,3862
1581,3861
1582,3860
1583,3859
1584,3858
1585,3857
1586,3856
1587,3855
1588,3854
1589,3853
1590,3852
1591,3851
1592,3850
1593,3849
1594,3848
1595,3847
1596,3846
1597,3845
1598,3844
1599,3843
1600,3842
1601,3841
1602,3840
1603,3839
1604,3838
1605,3837
1606,3836
1607,3835
1608,3834
1609,3833
1610,3832
1611,3831
1612,3830
1613,3829
1614,3828
1615,3827
1616,3826
1617,3825
1618,3824
1619,3823
1620,3822
1621,3821
1622,3820
1623,3819
1624,3818
1625,3817
1626,3816
1627,3815
1628,3814
1629,3813
1630,3812
1631,3811
1632,3810
1633,3809
1634,3808
1635,3807
1636,3806
1637,3805
1638,3804
1639,3803
1640,3802
1641,3801
1642,3800
1643,3799
1644,3798
1645,3797
1646,3796
1647,3795
1648,3794
1649,3793
1650,3792
1651,3791
1652,3790
1653,3789
1654,3788
1655,3787
1656,3786
1657,3785
1658,3784
1659,3783
1660,3782
1661,3781
1662,3780
1663,3779
1664,3778
1665,3777
1666,3776
1667,3775
1668,3774
1669,3773
1670,3772
1671,3771
1672,3770
1673,3769
1674,3768
1675,3767
1676,3766
1677,3765
1678,3764
1679,3763
1680,3762
1681,3761
1682,3760
1683,3759
1684,3758
1685,3757
1686,3756
1687,3755
1688,3754
1689,3753
1690,3752
1691,3751
1692,3750
1693,3749
1694,3748
1695,3747
1696,3746
1697,3745
1698,3744
1699,3743
1700,3742
1701,3741
1702,3740
1703,3739
1704,3738
1705,3737
1706,3736
1707,3735
1708,3734
1709,3733
1710,3732
1711,3731
1712,3730
1713,3729
1714,3728
1715,3727
1716,3726
1717,3725
1718,3724
1719,3723
1720,3722
1721,3721
1722,3720
1723,3719
1724,3718
1725,3717
1726,3716
1727,3715
1728,3714
1729,3713
1730,3712
1731,3711
1732,3710
1733,3709
1734,3708
1735,3707
1736,3706
1737,3705
1738,3704
1739,3703
1740,3702
1741,3701
1742,3700
1743,3699
1744,3698
1745,3697
1746,3696
1747,3695
1748,3694
1749,3693
1750,3692
1751,3691
1752,3690
1753,3689
1754,3688
1755,3687
1756,3686
1757,3685
1758,3684
1759,3683
1760,3682
1761,3681
1762,3680
1763,3679
1764,3678
1765,3677
1766,3676
1767,3675
1768,3674
1769,3673
1770,3672
1771,3671
1772,3670
1773,3669
1774,3668
1775,3667
1776,3666
1777,3665
1778,3664
1779,3663
1780,3662
1781,3661
1782,3660
1783,3659
1784,3658
1785,3657
1786,3656
1787,3655
1788,3654
1789,3653
1790,3652
1791,3651
1792,3650
1793,3649
1794,3648
1795,3647
1796,3646
1797,3645
1798,3644
1799,3643
1800,3642
1801,3641
1802,3640
1803,3639
1804,3638
1805,3637
1806,3636
1807,3635
1808,3634
1809,3633
1810,3632
1811,3631
1812,3630
1813,3629
1814,3628
1815,3627
1816,3626
1817,3625
1818,3624
1819,3623
1820,3622
1821,3621
1822,3620
1823,3619
1824,3618
1825,3617
1826,3616
1827,3615
1828,3614
1829,3613
1830,3612
1831,3611
1832,3610
1833,3609
1834,3608
1835,3607
1836,3606
1837,3605
1838,3604
1839,3603
1840,3602
1841,3601
1842,3600
1843,3599
1844,3598
1845,3597
1846,3596
1847,3595
1848,3594
1849,3593
1850,3592
1851,3591
1852,3590
1853,3589
1854,3588
1855,3587
1856,3586
1857,3585
1858,3584
1859,3583
1860,3582
1861,3581
1862,3580
1863,3579
1864,3578
1865,3577
1866,3576
1867,3575
1868,3574
1869,3573
1870,3572
1871,3571
1872,3570
1873,3569
1874,3568
1875,3567
1876,3566
1877,3565
1878,3564
1879,3563
1880,3562
1881,3561
1882,3560
1883,3559
1884,3558
1885,3557
1886,3556
1887,3555
1888,3554
1889,3553
1890,3552
1891,3551
1892,3550
1893,3549
1894,3548
1895,3547
1896,3546
1897,3545
1898,3544
1899,3543
1900,3542
1901,3541
1902,3540
1903,3539
1904,3538
1905,3537
1906,3536
1907,3535
1908,3534
1909,3533
1910,3532
1911,3531
1912,3530
1913,3529
1914,3528
1915,3527
1916,3526
1917,3525
1918,3524
1919,3523
1920,3522
1921,3521
1922,3520
1923,3519
1924,3518
1925,3517
1926,3516
1927,3515
1928,3514
1929,3513
1930,3512
1931,3511
1932,3510
1933,3509
1934,3508
1935,3507
1936,3506
1937,3505
1938,3504
1939,3503
1940,3502
1941,3501
1942,3500
1943,3499
1944,3498
1945,3497
1946,3496
1947,3495
1948,3494
1949,3493
1950,3492
1951,3491
1952,3490
1953,3489
1954,3488
1955,3487
1956,3486
1957,3485
1958,3484
1959,3483
1960,3482
1961,3481
1962,3480
1963,3479
1964,3478
1965,3477
1966,3476
1967,3475
1968,3474
1969,3473
1970,3472
1971,3471
1972,3470
1973,3469
1974,3468
1975,3467
1976,3466
1977,3465
1978,3464
1979,3463
1980,3462
1981,3461
1982,3460
1983,3459
1984,3458
1985,3457
1986,3456
1987,3455
1988,3454
1989,3453
1990,3452
1991,3451
1992,3450
1993,3449
1994,3448
1995,3447
1996,3446
1997,3445
1998,3444
1999,3443
2000,3442
